Age Group,Position Tag,mean,std
U13-U14,ATT,1.195457348482069,1.0343715763902601
U13-U14,CM,0.6425072655163668,0.4727476340616355
U13-U14,Wing,0.7694945548773646,0.6320957190829616
U15-U16,ATT,0.616435227331173,0.6896658291647844
U15-U16,CM,0.7706325953241064,1.3591624427182072
U15-U16,Wing,0.4014319062372683,0.31711995658991643
U17-U19,ATT,0.6791993340954725,0.6415314224823143
U17-U19,CM,0.5779771896807632,0.5754212368805699
U17-U19,Wing,0.34087317854132637,0.39214490393166535
