Total Def Actions,Progr Regain ,Pass Completion ,Def Aerial %,Progr Pass Completion ,Forward Passes
21.722272672130437,60.0,76.68249999999999,75.0,67.63,34.57815455019297
8.539431563927108,19.38250029578383,12.003428356455814,34.625821125281014,14.5027223840201,14.238955931003092
