Total Successful Actions,Total Def Actions,Retention %,Forward Passes,Progr Pass Completion 
76.79083574860782,16.310599848888984,68.88888888888889,24.642604793856222,63.07
31.15358127303132,9.647951817614459,14.11204607482336,10.911095567146814,18.74142352368076
