Total Successful Actions,Total Def Actions,Retention %,Forward Passes,Progr Pass Completion 
74.17017232148923,21.555965710722667,60.0,24.97413176239818,57.3275
31.220594219484692,15.84327809176119,12.67457716083976,9.121978313090766,16.203437765239766
