Total Def Actions,Progr Regain ,Pass Completion ,Def Aerial %,Progr Pass Completion ,Forward Passes
26.024353105377326,56.905,75.0,100.0,65.055,27.0
9.474803448091436,18.85503652494939,9.348512130054123,27.666889334668,11.982851302990634,10.815530547887192
