Total Successful Actions,Total Def Actions,Retention %,Forward Passes,Progr Pass Completion 
66.30046868374367,14.978282820849696,64.49579831932772,22.471846666251125,62.5
31.431002064984586,11.295141107152478,13.252592053391247,11.607512547473345,19.684893410146703
