Total Def Actions,Progr Regain ,Pass Completion ,Def Aerial %,Progr Pass Completion ,Forward Passes
17.589706180261636,66.67,80.0,66.66666666666666,70.80000000000001,29.40453798352389
9.089037714161835,21.970394649420303,11.86655181965654,30.562637443138765,16.388742916996893,14.100612510024577
