Total Def Actions,Total Successful Actions,Progr Regain ,Retention %,Forward Passes,Progr Pass Completion 
17.778608011788492,74.94986366129167,61.875,65.95238095238096,27.172249845310578,61.3075
9.707862079970374,34.175947174426206,24.585491310195728,17.23830236929132,10.197002599056779,20.874076394652008
