Total Def Actions,Total Successful Actions,Progr Regain ,Retention %,Forward Passes,Progr Pass Completion 
28.21653086607266,72.85714285714286,60.0,68.18181818181819,24.42857142857143,62.5
11.537177202603528,28.835624751314345,14.845759505110616,8.428976859296602,9.400892886800465,12.009609824202542
