Total Def Actions,Total Successful Actions,Progr Regain ,Retention %,Forward Passes,Progr Pass Completion 
22.58053037329094,70.96153846153847,66.67,72.6010101010101,24.75,66.67
11.649336787556846,31.878837720763347,16.48812386871113,9.93678273279716,11.038771345366767,15.04137891966471
