Total Def Actions,Progr Regain ,Pass Completion ,Forward Passes,Progr Pass Completion ,Pass into Oppo Box
16.94185279026118,60.0,75.0,24.86323092719862,65.85,1.584802889518389
8.932834360445877,20.510149546638456,14.812640151477488,10.4496973290875,17.38182372265334,2.1111066647853196
