Total Def Actions,Progr Regain ,Pass Completion ,Forward Passes,Progr Pass Completion ,Pass into Oppo Box
19.174397971173068,57.14,72.88,24.023340983107637,60.0,1.0697876911539705
11.121315718013166,25.93473532539387,14.1113130902458,10.474135424161526,19.154948364325058,2.4604509633262555
