Total Def Actions,Progr Regain ,Pass Completion ,Forward Passes,Progr Pass Completion ,Pass into Oppo Box
25.14769082385351,50.0,60.652499999999996,27.879287526097077,50.0,0.8944746960743768
10.382993589389272,18.548333080968955,13.796756671676048,10.226905377143488,16.104898215420135,1.6942482750322025
