Pass Completion ,Line Break %,Successful Cross,Total Saves,Save %,Progr Regain 
85.51700000000001,8.897190176580702,1.4671827871853407,3.901510980168652,65.48907070465135,77.131
5.281035357242409,4.0780834452930765,0.639112936547303,0.81686698430307,10.332756247473938,10.35230350104641
