Pass Completion ,Successful Cross,Total Saves,Save %,Progr Regain ,Goals - xGA,Progr Pass Completion ,SOT Against,Opp Effort on Goal,Throw %,Goal Kick %
80,1.9827361890628317,3.330259648966203,70,70,-0.0794,80,5.72,13.34,90,95.0
5,1.7353283389931204,2.4076972970287644,5,10,0.2558,10,1.47,2.39,5,2.5
