Total Def Actions,Efforts on Goal,Dribble,Total Att Actions
6.90797667741454,3.3343764564312055,2.7766272237866474,10.074997430277545
5.749505177269975,3.2006541962207806,3.6108987164139683,7.747022349991563
