Stand. Tackle Total,Rec Total,Inter Total,Progr Regain ,Stand. Tackle Success ,Forward Total,Total,Pass Completion ,Forward Completion,Progr Pass Completion ,Dribble,Att 1v1,Loss of Poss,Efforts on Goal,Shot on Target,Att Aerial,Efficiency 
1.6794316383798473,5.16439243877655,1.0017453670552114,72.93076923076923,53.21846153846154,9.780130186531975,21.181728957126268,76.01076923076924,62.6138557675397,62.27538461538462,3.313153863755527,0.8218545279000669,6.36065093383982,2.987238006815703,1.3572228696906512,0.3547456826734433,49.39076923076924
1.1292166410741622,1.27373833867221,0.6538294336385552,8.935363694834942,26.02208127922446,3.365217871485515,4.860894912767247,6.594776293322948,8.94801286133013,9.22682196586363,1.6496276539234278,0.4894033739993116,1.4960151657418062,1.4248641299481695,0.7288599528599478,0.31839697440989384,10.701585133005969
