Total Def Actions,Efforts on Goal,Dribble,Total Att Actions
8.798671339839512,3.1043336115106257,2.2602119042468494,9.873139348024125
5.957718369714285,3.211023209435959,3.05157485438746,7.886258318329968
