Total Def Actions,Efforts on Goal,Dribble,Total Att Actions
6.752698392741304,2.5206814850640873,2.788277415649481,9.646884112891447
5.313524252860404,2.7116199924143594,3.6805286122247867,10.78019106259483
