Total Def Actions,Pass into Oppo Box,Dribble,Total Att Actions
11.601133440910596,1.6289375502476542,4.163779595734354,10.228031080916564
7.630044107117491,2.255170882478042,5.640459542027383,7.827164249407097
