Total Def Actions,Pass into Oppo Box,Dribble,Total Att Actions
10.26059371751981,1.8669118220883676,4.735265351608739,10.287506872401412
8.394497482624564,2.992076611579216,5.149253515848567,8.4836009972278
