Total Def Actions,Pass into Oppo Box,Dribble,Total Att Actions
11.10943183783158,1.8927993807807688,6.918702931331939,12.598639793546868
7.428895343999013,2.5444657101249835,6.031550264605898,12.537841446805285
