Stand. Tackle Total,Rec Total,Inter Total,Progr Regain ,Stand. Tackle Success ,Forward Total,Total,Pass Completion ,Forward Completion,Progr Pass Completion ,Dribble,Att 1v1,Loss of Poss,Efforts on Goal,Shot on Target,Att Aerial,Efficiency 
2.026450915396251,4.3047367402443175,1.2727760718020196,69.49739431548906,65.74890331890333,7.700168856570686,18.845806770188645,79.37699837199837,65.05679849647373,64.94833333333334,2.4233785874036347,0.7765270572516288,5.137077472615176,3.218342994808791,1.3524520587382483,0.4509443458386251,47.13666666666668
1.0660628332380866,1.700914536317331,1.1159982302154619,12.500833672137835,9.917590635139314,4.190971932267077,6.906407511317277,4.8896494697440085,7.977129672343523,8.974453558109634,1.3336965299335288,0.6634125803720892,1.4501576379905876,1.0697496631594408,0.5140435794488288,0.410388922876052,3.5752240023062436
