Stand. Tackle Total,Rec Total,Inter Total,Progr Regain ,Stand. Tackle Success ,Forward Total,Total,Pass Completion ,Forward Completion,Progr Pass Completion ,Dribble,Att 1v1,Loss of Poss,Efforts on Goal,Shot on Target,Att Aerial,Efficiency 
1.2028214275882267,4.87489821687513,0.8445664233062999,76.8657451764825,61.256243386243376,10.726568104160787,21.788586684734934,76.54451677027087,83.44155844155844,59.39333333333334,3.674774260062978,1.0078730160395764,5.8012852060511495,2.716426109913272,1.0337110420218003,0.3486133740746671,53.326666666666675
1.2068265972386705,1.2093036145615257,0.47280455138283145,8.876938779639149,31.400763243780066,1.577234615934946,3.98606638789112,5.081414051664721,16.988929158378088,7.053292375432436,1.5183252953427224,0.586904016096672,1.321349827811241,1.4819474279009535,0.5064302985794563,0.29962932408049786,19.001621860602672
