Stand. Tackle Total,Rec Total,Inter Total,Progr Regain ,Stand. Tackle Success ,Forward Total,Total,Pass Completion ,Forward Completion,Progr Pass Completion ,Dribble,Att 1v1,Loss of Poss,Efforts on Goal,Shot on Target,Att Aerial,Efficiency 
1.953557039423916,6.064393999035124,1.4188741819629342,69.3748020829345,55.52090909090909,11.393186290058377,24.131100971035757,73.8958198232175,60.921052631578945,59.325,2.94404822494512,0.9882388381816479,7.548152141254414,3.7213504888984033,2.062343223421651,0.09995916441953631,49.47
1.6112642640912118,1.4232555165386578,0.4560554491060558,12.508394866372733,9.21997113708037,2.2151728658973746,5.31219694516458,7.292315954968106,1.3025651232383788,5.876057351660207,1.6928922466766914,0.594362961943717,1.3030484190626461,1.9837075767365107,1.1190062382521486,0.16903637964571266,0.7495331880577419
