Stand. Tackle Total,Rec Total,Inter Total,Progr Regain ,Stand. Tackle Success ,Forward Total,Total,Pass Completion ,Forward Completion,Progr Pass Completion ,Dribble,Att 1v1,Loss of Poss,Efforts on Goal,Shot on Target,Att Aerial,Efficiency 
1.8401940855174814,4.5101528808840055,1.5446473720231175,73.34418468628145,64.56795093795094,9.159614329131475,19.93274686143486,77.81096811599134,65.64296387948094,64.76625,3.0416258600562145,1.016039154299114,6.1021568123869026,2.916819226274191,1.1354766884929963,0.3841479216494887,46.92125
1.2097192560240193,1.2916607952038615,0.9942315973027481,8.840027230480503,24.7789925393381,2.5533133376595907,3.873028238890857,4.615271448461578,6.417818734183944,7.590864692886725,1.4348189219585166,0.4989199491567086,1.0910539065772449,1.1766374065043164,0.41669672245303546,0.28473197554051155,11.756354436765555
