Stand. Tackle Total,Rec Total,Inter Total,Progr Regain ,Stand. Tackle Success ,Forward Total,Total,Pass Completion ,Forward Completion,Progr Pass Completion ,Dribble,Att 1v1,Loss of Poss,Efforts on Goal,Shot on Target,Att Aerial,Efficiency 
2.57096413096518,5.519987024146279,2.3570799513677496,65.72140104146725,64.32545454545455,10.88338249707181,23.31002133940441,73.88590991160875,60.45840916370141,60.39428571428572,2.978626662169898,1.117890201087548,8.128609956154863,3.17622450040294,1.6795317359024982,0.21390250571472214,52.83142857142856
1.5113143080124953,1.585807885610333,1.1242801027697658,10.364503741297552,13.848153818734389,1.7176069900781268,4.08298936526389,7.02106505067121,9.457915114918912,8.128884419449074,1.4629121163669914,0.6005014912469054,1.1939076297498044,1.4745939288584766,0.8657658306076149,0.26134679750246553,5.1331940302681875
