Stand. Tackle Total,Rec Total,Inter Total,Progr Regain ,Stand. Tackle Success ,Forward Total,Total,Pass Completion ,Forward Completion,Progr Pass Completion ,Dribble,Att 1v1,Loss of Poss,Efforts on Goal,Shot on Target,Att Aerial,Efficiency 
1.5696196250950187,4.698278914514014,0.6437587717874849,76.66109147323358,65.49835497835498,5.642203833471214,15.963552180731996,80.23216422466423,72.54246335758279,64.29,1.9305480264835537,0.38152082668757487,4.8510807720471645,3.5646494981772796,1.4718250364386503,0.6526823415427477,47.76333333333334
0.9705113623037788,1.360500708498657,0.2409203481823336,6.9372402951873475,10.53413016411414,1.086764961345489,3.344538968145664,5.043557343560067,9.601802928570093,12.644686631150648,0.6718205137813158,0.1307089785926786,0.8927883719821109,1.0511471902068348,0.542218609023708,0.34677518242459665,4.2442117446392045
